{"epoch": 999, "_timestamp": 1670588469.2387817, "loss": 7.716508844168857e-05, "binary_accuracy": 1.0, "_runtime": 49.60991978645325, "_step": 999, "_wandb": {"runtime": 48}}