{"epoch": 999, "_timestamp": 1670586989.2541556, "loss": 0.0028819406870752573, "binary_accuracy": 1.0, "_runtime": 29.023247718811035, "_step": 999, "_wandb": {"runtime": 27}}